"AREA","AGE_ADJUSTED_CI_LOWER","AGE_ADJUSTED_CI_UPPER","AGE_ADJUSTED_RATE","COUNT","EVENT_TYPE","POPULATION","RACE","SEX","SITE","YEAR"
"Alabama",133.6,141.9,137.7,4619,"Incidence",2610243,"All Races","Female","Female Breast","2022"
"Alabama",23.8,27.4,25.5,850,"Incidence",2610243,"All Races","Female","Female Breast, <i>in situ</i>","2022"
"Alabama",45,81.5,61.4,52,"Incidence",134161,"Hispanic of any race","Female","Female Breast","2022"
"Alabama",NA,NA,NA,NA,"Incidence",134161,"Hispanic of any race","Female","Female Breast, <i>in situ</i>","2022"
"Alabama",NA,NA,NA,NA,"Incidence",15616,"Non-Hispanic American Indian/Alaska Native","Female","Female Breast","2022"
"Alabama",NA,NA,NA,NA,"Incidence",15616,"Non-Hispanic American Indian/Alaska Native","Female","Female Breast, <i>in situ</i>","2022"
"Alabama",80.7,143.5,108.7,52,"Incidence",45968,"Non-Hispanic Asian/Pacific Islander","Female","Female Breast","2022"
"Alabama",NA,NA,NA,NA,"Incidence",45968,"Non-Hispanic Asian/Pacific Islander","Female","Female Breast, <i>in situ</i>","2022"
"Alabama",134.2,151.2,142.5,1184,"Incidence",729384,"Non-Hispanic Black","Female","Female Breast","2022"
"Alabama",26.7,34.6,30.4,253,"Incidence",729384,"Non-Hispanic Black","Female","Female Breast, <i>in situ</i>","2022"
"Alabama",132.4,142.5,137.4,3266,"Incidence",1685114,"Non-Hispanic White","Female","Female Breast","2022"
"Alabama",21.8,26.2,23.9,561,"Incidence",1685114,"Non-Hispanic White","Female","Female Breast, <i>in situ</i>","2022"
"Alaska",126.8,151.7,138.9,527,"Incidence",348105,"All Races","Female","Female Breast","2022"
"Alaska",23.6,35.5,29.1,103,"Incidence",348105,"All Races","Female","Female Breast, <i>in situ</i>","2022"
"Alaska",64.1,172.4,108.8,19,"Incidence",25202,"Hispanic of any race","Female","Female Breast","2022"
"Alaska",NA,NA,NA,NA,"Incidence",25202,"Hispanic of any race","Female","Female Breast, <i>in situ</i>","2022"
"Alaska",147.8,225.4,183.7,97,"Incidence",59748,"Non-Hispanic American Indian/Alaska Native","Female","Female Breast","2022"
"Alaska",18.2,53,32.5,16,"Incidence",59748,"Non-Hispanic American Indian/Alaska Native","Female","Female Breast, <i>in situ</i>","2022"
"Alaska",61.2,129.1,90.5,32,"Incidence",33540,"Non-Hispanic Asian/Pacific Islander","Female","Female Breast","2022"
"Alaska",NA,NA,NA,NA,"Incidence",33540,"Non-Hispanic Asian/Pacific Islander","Female","Female Breast, <i>in situ</i>","2022"
"Alaska",NA,NA,NA,NA,"Incidence",14444,"Non-Hispanic Black","Female","Female Breast","2022"
"Alaska",NA,NA,NA,NA,"Incidence",14444,"Non-Hispanic Black","Female","Female Breast, <i>in situ</i>","2022"
"Alaska",122,151.9,136.3,361,"Incidence",215171,"Non-Hispanic White","Female","Female Breast","2022"
"Alaska",23,38,29.8,71,"Incidence",215171,"Non-Hispanic White","Female","Female Breast, <i>in situ</i>","2022"
"Arizona",117.2,123.8,120.4,5745,"Incidence",3690782,"All Races","Female","Female Breast","2022"
"Arizona",21.6,24.5,23,1070,"Incidence",3690782,"All Races","Female","Female Breast, <i>in situ</i>","2022"
"Arizona",103.3,117.2,110.1,1032,"Incidence",1142192,"Hispanic of any race","Female","Female Breast","2022"
"Arizona",19.4,25.7,22.4,210,"Incidence",1142192,"Hispanic of any race","Female","Female Breast, <i>in situ</i>","2022"
"Arizona",43.1,67.8,54.4,83,"Incidence",150586,"Non-Hispanic American Indian/Alaska Native","Female","Female Breast","2022"
"Arizona",NA,NA,NA,NA,"Incidence",150586,"Non-Hispanic American Indian/Alaska Native","Female","Female Breast, <i>in situ</i>","2022"
"Arizona",81.1,110.3,94.8,173,"Incidence",162408,"Non-Hispanic Asian/Pacific Islander","Female","Female Breast","2022"
"Arizona",23.8,41.1,31.5,57,"Incidence",162408,"Non-Hispanic Asian/Pacific Islander","Female","Female Breast, <i>in situ</i>","2022"
"Arizona",94.6,127,109.9,193,"Incidence",195029,"Non-Hispanic Black","Female","Female Breast","2022"
"Arizona",18.4,34.3,25.5,45,"Incidence",195029,"Non-Hispanic Black","Female","Female Breast, <i>in situ</i>","2022"
"Arizona",124.4,133.2,128.8,4206,"Incidence",2040567,"Non-Hispanic White","Female","Female Breast","2022"
"Arizona",21.6,25.5,23.5,725,"Incidence",2040567,"Non-Hispanic White","Female","Female Breast, <i>in situ</i>","2022"
"Arkansas",116.2,126.4,121.2,2371,"Incidence",1542910,"All Races","Female","Female Breast","2022"
"Arkansas",24.7,29.7,27.1,506,"Incidence",1542910,"All Races","Female","Female Breast, <i>in situ</i>","2022"
"Arkansas",72.4,119.9,94.1,75,"Incidence",131429,"Hispanic of any race","Female","Female Breast","2022"
"Arkansas",14.8,37.4,24.2,22,"Incidence",131429,"Hispanic of any race","Female","Female Breast, <i>in situ</i>","2022"
"Arkansas",NA,NA,NA,NA,"Incidence",13570,"Non-Hispanic American Indian/Alaska Native","Female","Female Breast","2022"
"Arkansas",NA,NA,NA,NA,"Incidence",13570,"Non-Hispanic American Indian/Alaska Native","Female","Female Breast, <i>in situ</i>","2022"
"Arkansas",61.1,133.9,92.5,29,"Incidence",35584,"Non-Hispanic Asian/Pacific Islander","Female","Female Breast","2022"
"Arkansas",NA,NA,NA,NA,"Incidence",35584,"Non-Hispanic Asian/Pacific Islander","Female","Female Breast, <i>in situ</i>","2022"
"Arkansas",112.7,141.4,126.5,331,"Incidence",253639,"Non-Hispanic Black","Female","Female Breast","2022"
"Arkansas",19.7,32.7,25.6,68,"Incidence",253639,"Non-Hispanic Black","Female","Female Breast, <i>in situ</i>","2022"
"Arkansas",116.4,128.2,122.2,1907,"Incidence",1108688,"Non-Hispanic White","Female","Female Breast","2022"
"Arkansas",24.2,29.9,26.9,396,"Incidence",1108688,"Non-Hispanic White","Female","Female Breast, <i>in situ</i>","2022"
"California",124.4,127.4,125.9,29350,"Incidence",19544120,"All Races","Female","Female Breast","2022"
"California",28.2,29.6,28.9,6653,"Incidence",19544120,"All Races","Female","Female Breast, <i>in situ</i>","2022"
"California",100.2,105,102.6,7064,"Incidence",7777798,"Hispanic of any race","Female","Female Breast","2022"
"California",19.1,21.2,20.1,1419,"Incidence",7777798,"Hispanic of any race","Female","Female Breast, <i>in situ</i>","2022"
"California",126.9,172.5,148.3,189,"Incidence",102801,"Non-Hispanic American Indian/Alaska Native","Female","Female Breast","2022"
"California",22.6,44.4,32.1,41,"Incidence",102801,"Non-Hispanic American Indian/Alaska Native","Female","Female Breast, <i>in situ</i>","2022"
"California",117.5,124.2,120.8,5136,"Incidence",3402008,"Non-Hispanic Asian/Pacific Islander","Female","Female Breast","2022"
"California",35.4,39.2,37.3,1580,"Incidence",3402008,"Non-Hispanic Asian/Pacific Islander","Female","Female Breast, <i>in situ</i>","2022"
"California",123.1,135.4,129.2,1824,"Incidence",1214871,"Non-Hispanic Black","Female","Female Breast","2022"
"California",28.5,34.5,31.4,462,"Incidence",1214871,"Non-Hispanic Black","Female","Female Breast, <i>in situ</i>","2022"
"California",135.8,140.7,138.2,14719,"Incidence",7046642,"Non-Hispanic White","Female","Female Breast","2022"
"California",29.6,32,30.8,3030,"Incidence",7046642,"Non-Hispanic White","Female","Female Breast, <i>in situ</i>","2022"
"Colorado",132,140.1,136,4635,"Incidence",2883306,"All Races","Female","Female Breast","2022"
"Colorado",29.4,33.3,31.3,1039,"Incidence",2883306,"All Races","Female","Female Breast, <i>in situ</i>","2022"
"Colorado",98,116.5,106.9,551,"Incidence",642287,"Hispanic of any race","Female","Female Breast","2022"
"Colorado",20.3,29.5,24.6,122,"Incidence",642287,"Hispanic of any race","Female","Female Breast, <i>in situ</i>","2022"
"Colorado",72,168.2,112.6,26,"Incidence",22003,"Non-Hispanic American Indian/Alaska Native","Female","Female Breast","2022"
"Colorado",NA,NA,NA,NA,"Incidence",22003,"Non-Hispanic American Indian/Alaska Native","Female","Female Breast, <i>in situ</i>","2022"
"Colorado",85.8,122,102.7,133,"Incidence",126403,"Non-Hispanic Asian/Pacific Islander","Female","Female Breast","2022"
"Colorado",29.4,52.2,39.6,51,"Incidence",126403,"Non-Hispanic Asian/Pacific Islander","Female","Female Breast, <i>in situ</i>","2022"
"Colorado",103.9,146.5,123.9,142,"Incidence",131016,"Non-Hispanic Black","Female","Female Breast","2022"
"Colorado",19.2,40.3,28.4,32,"Incidence",131016,"Non-Hispanic Black","Female","Female Breast, <i>in situ</i>","2022"
"Colorado",136.7,146.3,141.4,3738,"Incidence",1961597,"Non-Hispanic White","Female","Female Breast","2022"
"Colorado",30.1,34.8,32.4,818,"Incidence",1961597,"Non-Hispanic White","Female","Female Breast, <i>in situ</i>","2022"
"Connecticut",143,153.3,148.1,3596,"Incidence",1838855,"All Races","Female","Female Breast","2022"
"Connecticut",40.6,46.3,43.3,1000,"Incidence",1838855,"All Races","Female","Female Breast, <i>in situ</i>","2022"
"Connecticut",107,133.7,119.8,336,"Incidence",330763,"Hispanic of any race","Female","Female Breast","2022"
"Connecticut",33.8,49.6,41.1,114,"Incidence",330763,"Hispanic of any race","Female","Female Breast, <i>in situ</i>","2022"
"Connecticut",NA,NA,NA,NA,"Incidence",4056,"Non-Hispanic American Indian/Alaska Native","Female","Female Breast","2022"
"Connecticut",NA,NA,NA,NA,"Incidence",4056,"Non-Hispanic American Indian/Alaska Native","Female","Female Breast, <i>in situ</i>","2022"
"Connecticut",82,122.6,100.7,102,"Incidence",96503,"Non-Hispanic Asian/Pacific Islander","Female","Female Breast","2022"
"Connecticut",25,49.2,35.5,37,"Incidence",96503,"Non-Hispanic Asian/Pacific Islander","Female","Female Breast, <i>in situ</i>","2022"
"Connecticut",113.3,143.8,127.8,292,"Incidence",207687,"Non-Hispanic Black","Female","Female Breast","2022"
"Connecticut",35.3,53.2,43.6,101,"Incidence",207687,"Non-Hispanic Black","Female","Female Breast, <i>in situ</i>","2022"
"Connecticut",148.9,161.6,155.1,2811,"Incidence",1199846,"Non-Hispanic White","Female","Female Breast","2022"
"Connecticut",40.6,47.7,44,736,"Incidence",1199846,"Non-Hispanic White","Female","Female Breast, <i>in situ</i>","2022"
"Delaware",138.3,157.9,147.9,1047,"Incidence",525691,"All Races","Female","Female Breast","2022"
"Delaware",33.8,44,38.6,270,"Incidence",525691,"All Races","Female","Female Breast, <i>in situ</i>","2022"
"Delaware",79.8,157.4,114.2,41,"Incidence",54720,"Hispanic of any race","Female","Female Breast","2022"
"Delaware",NA,NA,NA,NA,"Incidence",54720,"Hispanic of any race","Female","Female Breast, <i>in situ</i>","2022"
"Delaware",NA,NA,NA,NA,"Incidence",1850,"Non-Hispanic American Indian/Alaska Native","Female","Female Breast","2022"
"Delaware",NA,NA,NA,NA,"Incidence",1850,"Non-Hispanic American Indian/Alaska Native","Female","Female Breast, <i>in situ</i>","2022"
"Delaware",77.6,168.8,116.6,29,"Incidence",23417,"Non-Hispanic Asian/Pacific Islander","Female","Female Breast","2022"
"Delaware",NA,NA,NA,NA,"Incidence",23417,"Non-Hispanic Asian/Pacific Islander","Female","Female Breast, <i>in situ</i>","2022"
"Delaware",115.6,155.9,134.6,192,"Incidence",127118,"Non-Hispanic Black","Female","Female Breast","2022"
"Delaware",31.9,54.1,41.8,63,"Incidence",127118,"Non-Hispanic Black","Female","Female Breast, <i>in situ</i>","2022"
"Delaware",143.6,169,155.8,781,"Incidence",318586,"Non-Hispanic White","Female","Female Breast","2022"
"Delaware",34.2,47.9,40.6,186,"Incidence",318586,"Non-Hispanic White","Female","Female Breast, <i>in situ</i>","2022"
"District of Columbia",112.2,136,123.7,444,"Incidence",352628,"All Races","Female","Female Breast","2022"
"District of Columbia",26.3,38.9,32.1,111,"Incidence",352628,"All Races","Female","Female Breast, <i>in situ</i>","2022"
"District of Columbia",55.7,123.9,84.9,28,"Incidence",38936,"Hispanic of any race","Female","Female Breast","2022"
"District of Columbia",NA,NA,NA,NA,"Incidence",38936,"Hispanic of any race","Female","Female Breast, <i>in situ</i>","2022"
"District of Columbia",NA,NA,NA,NA,"Incidence",975,"Non-Hispanic American Indian/Alaska Native","Female","Female Breast","2022"
"District of Columbia",NA,NA,NA,NA,"Incidence",975,"Non-Hispanic American Indian/Alaska Native","Female","Female Breast, <i>in situ</i>","2022"
"District of Columbia",61.7,180,109.3,17,"Incidence",19345,"Non-Hispanic Asian/Pacific Islander","Female","Female Breast","2022"
"District of Columbia",NA,NA,NA,NA,"Incidence",19345,"Non-Hispanic Asian/Pacific Islander","Female","Female Breast, <i>in situ</i>","2022"
"District of Columbia",105.5,138,120.9,239,"Incidence",163925,"Non-Hispanic Black","Female","Female Breast","2022"
"District of Columbia",24.7,42,32.5,64,"Incidence",163925,"Non-Hispanic Black","Female","Female Breast, <i>in situ</i>","2022"
"District of Columbia",113.9,158.8,134.9,152,"Incidence",129447,"Non-Hispanic White","Female","Female Breast","2022"
"District of Columbia",23.8,46.8,33.9,39,"Incidence",129447,"Non-Hispanic White","Female","Female Breast, <i>in situ</i>","2022"
"Florida",127.9,131.7,129.8,20685,"Incidence",11318854,"All Races","Female","Female Breast","2022"
"Florida",28.1,29.9,29,4550,"Incidence",11318854,"All Races","Female","Female Breast, <i>in situ</i>","2022"
"Florida",108.2,115.4,111.8,3835,"Incidence",3021863,"Hispanic of any race","Female","Female Breast","2022"
"Florida",25.4,29,27.2,943,"Incidence",3021863,"Hispanic of any race","Female","Female Breast, <i>in situ</i>","2022"
"Florida",132.2,219.3,171.3,75,"Incidence",31882,"Non-Hispanic American Indian/Alaska Native","Female","Female Breast","2022"
"Florida",NA,NA,NA,NA,"Incidence",31882,"Non-Hispanic American Indian/Alaska Native","Female","Female Breast, <i>in situ</i>","2022"
"Florida",91.9,110.2,100.7,495,"Incidence",396862,"Non-Hispanic Asian/Pacific Islander","Female","Female Breast","2022"
"Florida",27.6,38,32.4,163,"Incidence",396862,"Non-Hispanic Asian/Pacific Islander","Female","Female Breast, <i>in situ</i>","2022"
"Florida",117.8,127.8,122.7,2426,"Incidence",1843447,"Non-Hispanic Black","Female","Female Breast","2022"
"Florida",27.4,32.4,29.8,603,"Incidence",1843447,"Non-Hispanic Black","Female","Female Breast, <i>in situ</i>","2022"
"Florida",134,139.3,136.6,13613,"Incidence",6024800,"Non-Hispanic White","Female","Female Breast","2022"
"Florida",27.3,29.7,28.5,2766,"Incidence",6024800,"Non-Hispanic White","Female","Female Breast, <i>in situ</i>","2022"
"Georgia",132.7,138.4,135.5,8977,"Incidence",5592098,"All Races","Female","Female Breast","2022"
"Georgia",30.1,32.9,31.5,2087,"Incidence",5592098,"All Races","Female","Female Breast, <i>in situ</i>","2022"
"Georgia",102.8,125.6,113.8,453,"Incidence",572553,"Hispanic of any race","Female","Female Breast","2022"
"Georgia",20.8,31.2,25.6,110,"Incidence",572553,"Hispanic of any race","Female","Female Breast, <i>in situ</i>","2022"
"Georgia",NA,NA,NA,NA,"Incidence",14787,"Non-Hispanic American Indian/Alaska Native","Female","Female Breast","2022"
"Georgia",NA,NA,NA,NA,"Incidence",14787,"Non-Hispanic American Indian/Alaska Native","Female","Female Breast, <i>in situ</i>","2022"
"Georgia",94.1,118.8,105.9,306,"Incidence",277381,"Non-Hispanic Asian/Pacific Islander","Female","Female Breast","2022"
"Georgia",21.5,34,27.2,80,"Incidence",277381,"Non-Hispanic Asian/Pacific Islander","Female","Female Breast, <i>in situ</i>","2022"
"Georgia",131.8,142.4,137,2761,"Incidence",1908470,"Non-Hispanic Black","Female","Female Breast","2022"
"Georgia",32.7,38,35.3,736,"Incidence",1908470,"Non-Hispanic Black","Female","Female Breast, <i>in situ</i>","2022"
"Georgia",132.9,140.6,136.7,5370,"Incidence",2818907,"Non-Hispanic White","Female","Female Breast","2022"
"Georgia",27.9,31.6,29.7,1130,"Incidence",2818907,"Non-Hispanic White","Female","Female Breast, <i>in situ</i>","2022"
"Hawaii",130.3,146.3,138.1,1310,"Incidence",716547,"All Races","Female","Female Breast","2022"
"Hawaii",30.7,39,34.6,310,"Incidence",716547,"All Races","Female","Female Breast, <i>in situ</i>","2022"
"Hawaii",139.5,230.3,181,75,"Incidence",65556,"Hispanic of any race","Female","Female Breast","2022"
"Hawaii",NA,NA,NA,NA,"Incidence",65556,"Hispanic of any race","Female","Female Breast, <i>in situ</i>","2022"
"Hawaii",NA,NA,NA,NA,"Incidence",1660,"Non-Hispanic American Indian/Alaska Native","Female","Female Breast","2022"
"Hawaii",NA,NA,NA,NA,"Incidence",1660,"Non-Hispanic American Indian/Alaska Native","Female","Female Breast, <i>in situ</i>","2022"
"Hawaii",126.4,145.1,135.5,923,"Incidence",504017,"Non-Hispanic Asian/Pacific Islander","Female","Female Breast","2022"
"Hawaii",33.5,43.8,38.4,246,"Incidence",504017,"Non-Hispanic Asian/Pacific Islander","Female","Female Breast, <i>in situ</i>","2022"
"Hawaii",101,280.2,175.4,17,"Incidence",15478,"Non-Hispanic Black","Female","Female Breast","2022"
"Hawaii",NA,NA,NA,NA,"Incidence",15478,"Non-Hispanic Black","Female","Female Breast, <i>in situ</i>","2022"
"Hawaii",115.5,152,132.6,278,"Incidence",129836,"Non-Hispanic White","Female","Female Breast","2022"
"Hawaii",14.7,30.7,21.5,43,"Incidence",129836,"Non-Hispanic White","Female","Female Breast, <i>in situ</i>","2022"
"Idaho",130,144.1,136.9,1596,"Incidence",963705,"All Races","Female","Female Breast","2022"
"Idaho",24.4,30.9,27.5,313,"Incidence",963705,"All Races","Female","Female Breast, <i>in situ</i>","2022"
"Idaho",73.1,117.1,93.2,81,"Incidence",127605,"Hispanic of any race","Female","Female Breast","2022"
"Idaho",12.4,33.1,21,19,"Incidence",127605,"Hispanic of any race","Female","Female Breast, <i>in situ</i>","2022"
"Idaho",NA,NA,NA,NA,"Incidence",11551,"Non-Hispanic American Indian/Alaska Native","Female","Female Breast","2022"
"Idaho",NA,NA,NA,NA,"Incidence",11551,"Non-Hispanic American Indian/Alaska Native","Female","Female Breast, <i>in situ</i>","2022"
"Idaho",71.6,173.2,114.4,23,"Incidence",20867,"Non-Hispanic Asian/Pacific Islander","Female","Female Breast","2022"
"Idaho",NA,NA,NA,NA,"Incidence",20867,"Non-Hispanic Asian/Pacific Islander","Female","Female Breast, <i>in situ</i>","2022"
"Idaho",NA,NA,NA,NA,"Incidence",9761,"Non-Hispanic Black","Female","Female Breast","2022"
"Idaho",NA,NA,NA,NA,"Incidence",9761,"Non-Hispanic Black","Female","Female Breast, <i>in situ</i>","2022"
"Idaho",131.7,146.8,139.1,1457,"Incidence",793921,"Non-Hispanic White","Female","Female Breast","2022"
"Idaho",23.7,30.6,26.9,273,"Incidence",793921,"Non-Hispanic White","Female","Female Breast, <i>in situ</i>","2022"
"Illinois",137.4,142.8,140.1,11158,"Incidence",6363917,"All Races","Female","Female Breast","2022"
"Illinois",34.4,37.2,35.8,2750,"Incidence",6363917,"All Races","Female","Female Breast, <i>in situ</i>","2022"
"Illinois",102,115.8,108.7,1034,"Incidence",1153182,"Hispanic of any race","Female","Female Breast","2022"
"Illinois",23.1,29.8,26.3,258,"Incidence",1153182,"Hispanic of any race","Female","Female Breast, <i>in situ</i>","2022"
"Illinois",NA,NA,NA,NA,"Incidence",13507,"Non-Hispanic American Indian/Alaska Native","Female","Female Breast","2022"
"Illinois",NA,NA,NA,NA,"Incidence",13507,"Non-Hispanic American Indian/Alaska Native","Female","Female Breast, <i>in situ</i>","2022"
"Illinois",112.2,132.8,122.1,565,"Incidence",412279,"Non-Hispanic Asian/Pacific Islander","Female","Female Breast","2022"
"Illinois",35.3,47.3,41,188,"Incidence",412279,"Non-Hispanic Asian/Pacific Islander","Female","Female Breast, <i>in situ</i>","2022"
"Illinois",129.1,143.2,136,1523,"Incidence",974301,"Non-Hispanic Black","Female","Female Breast","2022"
"Illinois",35.9,43.5,39.6,450,"Incidence",974301,"Non-Hispanic Black","Female","Female Breast, <i>in situ</i>","2022"
"Illinois",143.3,150.3,146.8,7966,"Incidence",3810648,"Non-Hispanic White","Female","Female Breast","2022"
"Illinois",34.4,38,36.2,1821,"Incidence",3810648,"Non-Hispanic White","Female","Female Breast, <i>in situ</i>","2022"
"Indiana",117.3,124.3,120.8,5068,"Incidence",3443088,"All Races","Female","Female Breast","2022"
"Indiana",26.4,29.8,28,1155,"Incidence",3443088,"All Races","Female","Female Breast, <i>in situ</i>","2022"
"Indiana",78.8,108.1,92.7,175,"Incidence",283622,"Hispanic of any race","Female","Female Breast","2022"
"Indiana",22.4,39.1,29.9,57,"Incidence",283622,"Hispanic of any race","Female","Female Breast, <i>in situ</i>","2022"
"Indiana",NA,NA,NA,NA,"Incidence",9857,"Non-Hispanic American Indian/Alaska Native","Female","Female Breast","2022"
"Indiana",NA,NA,NA,NA,"Incidence",9857,"Non-Hispanic American Indian/Alaska Native","Female","Female Breast, <i>in situ</i>","2022"
"Indiana",68.2,111,87.7,73,"Incidence",99844,"Non-Hispanic Asian/Pacific Islander","Female","Female Breast","2022"
"Indiana",18.7,43.3,29.2,25,"Incidence",99844,"Non-Hispanic Asian/Pacific Islander","Female","Female Breast, <i>in situ</i>","2022"
"Indiana",104.8,128,116,412,"Incidence",376012,"Non-Hispanic Black","Female","Female Breast","2022"
"Indiana",26.2,38.4,31.9,116,"Incidence",376012,"Non-Hispanic Black","Female","Female Breast, <i>in situ</i>","2022"
"Indiana",119.2,126.9,123,4352,"Incidence",2673753,"Non-Hispanic White","Female","Female Breast","2022"
"Indiana",25.5,29.3,27.4,945,"Incidence",2673753,"Non-Hispanic White","Female","Female Breast, <i>in situ</i>","2022"
"Iowa",133.9,144.9,139.3,2799,"Incidence",1595551,"All Races","Female","Female Breast","2022"
"Iowa",27.5,32.7,30,579,"Incidence",1595551,"All Races","Female","Female Breast, <i>in situ</i>","2022"
"Iowa",54.9,100,75.1,51,"Incidence",109999,"Hispanic of any race","Female","Female Breast","2022"
"Iowa",NA,NA,NA,NA,"Incidence",109999,"Hispanic of any race","Female","Female Breast, <i>in situ</i>","2022"
"Iowa",NA,NA,NA,NA,"Incidence",5727,"Non-Hispanic American Indian/Alaska Native","Female","Female Breast","2022"
"Iowa",NA,NA,NA,NA,"Incidence",5727,"Non-Hispanic American Indian/Alaska Native","Female","Female Breast, <i>in situ</i>","2022"
"Iowa",58.9,121.8,86.3,34,"Incidence",48229,"Non-Hispanic Asian/Pacific Islander","Female","Female Breast","2022"
"Iowa",NA,NA,NA,NA,"Incidence",48229,"Non-Hispanic Asian/Pacific Islander","Female","Female Breast, <i>in situ</i>","2022"
"Iowa",111.3,189.8,147,64,"Incidence",73377,"Non-Hispanic Black","Female","Female Breast","2022"
"Iowa",NA,NA,NA,NA,"Incidence",73377,"Non-Hispanic Black","Female","Female Breast, <i>in situ</i>","2022"
"Iowa",136.1,147.8,141.8,2623,"Incidence",1358219,"Non-Hispanic White","Female","Female Breast","2022"
"Iowa",26.1,31.6,28.7,512,"Incidence",1358219,"Non-Hispanic White","Female","Female Breast, <i>in situ</i>","2022"
"Kansas",130.6,142,136.2,2441,"Incidence",1463247,"All Races","Female","Female Breast","2022"
"Kansas",23.3,28.4,25.8,453,"Incidence",1463247,"All Races","Female","Female Breast, <i>in situ</i>","2022"
"Kansas",77.7,113.2,94.3,124,"Incidence",191102,"Hispanic of any race","Female","Female Breast","2022"
"Kansas",10.7,26.8,17.5,22,"Incidence",191102,"Hispanic of any race","Female","Female Breast, <i>in situ</i>","2022"
"Kansas",NA,NA,NA,NA,"Incidence",14408,"Non-Hispanic American Indian/Alaska Native","Female","Female Breast","2022"
"Kansas",NA,NA,NA,NA,"Incidence",14408,"Non-Hispanic American Indian/Alaska Native","Female","Female Breast, <i>in situ</i>","2022"
"Kansas",53.8,107.2,77.2,37,"Incidence",51856,"Non-Hispanic Asian/Pacific Islander","Female","Female Breast","2022"
"Kansas",NA,NA,NA,NA,"Incidence",51856,"Non-Hispanic Asian/Pacific Islander","Female","Female Breast, <i>in situ</i>","2022"
"Kansas",112.7,164.7,137,118,"Incidence",94336,"Non-Hispanic Black","Female","Female Breast","2022"
"Kansas",25.6,52.6,37.4,34,"Incidence",94336,"Non-Hispanic Black","Female","Female Breast, <i>in situ</i>","2022"
"Kansas",133.5,146.3,139.8,2121,"Incidence",1111545,"Non-Hispanic White","Female","Female Breast","2022"
"Kansas",22.7,28.4,25.4,371,"Incidence",1111545,"Non-Hispanic White","Female","Female Breast, <i>in situ</i>","2022"
"Kentucky",125.5,134.2,129.8,3758,"Incidence",2275047,"All Races","Female","Female Breast","2022"
"Kentucky",26.1,30.2,28.1,810,"Incidence",2275047,"All Races","Female","Female Breast, <i>in situ</i>","2022"
"Kentucky",86.2,140.8,111.2,75,"Incidence",102439,"Hispanic of any race","Female","Female Breast","2022"
"Kentucky",NA,NA,NA,NA,"Incidence",102439,"Hispanic of any race","Female","Female Breast, <i>in situ</i>","2022"
"Kentucky",NA,NA,NA,NA,"Incidence",5021,"Non-Hispanic American Indian/Alaska Native","Female","Female Breast","2022"
"Kentucky",NA,NA,NA,NA,"Incidence",5021,"Non-Hispanic American Indian/Alaska Native","Female","Female Breast, <i>in situ</i>","2022"
"Kentucky",85.2,153.4,115.6,49,"Incidence",44471,"Non-Hispanic Asian/Pacific Islander","Female","Female Breast","2022"
"Kentucky",NA,NA,NA,NA,"Incidence",44471,"Non-Hispanic Asian/Pacific Islander","Female","Female Breast, <i>in situ</i>","2022"
"Kentucky",118.8,152,134.6,277,"Incidence",205101,"Non-Hispanic Black","Female","Female Breast","2022"
"Kentucky",31.3,49,39.4,86,"Incidence",205101,"Non-Hispanic Black","Female","Female Breast, <i>in situ</i>","2022"
"Kentucky",124.7,133.9,129.2,3347,"Incidence",1918015,"Non-Hispanic White","Female","Female Breast","2022"
"Kentucky",25.7,30.1,27.8,703,"Incidence",1918015,"Non-Hispanic White","Female","Female Breast, <i>in situ</i>","2022"
"Louisiana",128.2,137,132.5,3839,"Incidence",2344398,"All Races","Female","Female Breast","2022"
"Louisiana",26.7,30.9,28.8,820,"Incidence",2344398,"All Races","Female","Female Breast, <i>in situ</i>","2022"
"Louisiana",59.5,90.1,73.7,95,"Incidence",154354,"Hispanic of any race","Female","Female Breast","2022"
"Louisiana",7.1,20.1,12.4,16,"Incidence",154354,"Hispanic of any race","Female","Female Breast, <i>in situ</i>","2022"
"Louisiana",NA,NA,NA,NA,"Incidence",16229,"Non-Hispanic American Indian/Alaska Native","Female","Female Breast","2022"
"Louisiana",NA,NA,NA,NA,"Incidence",16229,"Non-Hispanic American Indian/Alaska Native","Female","Female Breast, <i>in situ</i>","2022"
"Louisiana",45.3,92.4,65.7,34,"Incidence",47189,"Non-Hispanic Asian/Pacific Islander","Female","Female Breast","2022"
"Louisiana",NA,NA,NA,NA,"Incidence",47189,"Non-Hispanic Asian/Pacific Islander","Female","Female Breast, <i>in situ</i>","2022"
"Louisiana",132.6,149.1,140.7,1209,"Incidence",786387,"Non-Hispanic Black","Female","Female Breast","2022"
"Louisiana",28.7,36.7,32.5,281,"Incidence",786387,"Non-Hispanic Black","Female","Female Breast, <i>in situ</i>","2022"
"Louisiana",128,139.2,133.5,2475,"Incidence",1340239,"Non-Hispanic White","Female","Female Breast","2022"
"Louisiana",25.8,31.2,28.4,504,"Incidence",1340239,"Non-Hispanic White","Female","Female Breast, <i>in situ</i>","2022"
"Maine",127,142.3,134.4,1427,"Incidence",704759,"All Races","Female","Female Breast","2022"
"Maine",27.2,34.8,30.8,313,"Incidence",704759,"All Races","Female","Female Breast, <i>in situ</i>","2022"
"Maine",NA,NA,NA,NA,"Incidence",14664,"Hispanic of any race","Female","Female Breast","2022"
"Maine",NA,NA,NA,NA,"Incidence",14664,"Hispanic of any race","Female","Female Breast, <i>in situ</i>","2022"
"Maine",NA,NA,NA,NA,"Incidence",5360,"Non-Hispanic American Indian/Alaska Native","Female","Female Breast","2022"
"Maine",NA,NA,NA,NA,"Incidence",5360,"Non-Hispanic American Indian/Alaska Native","Female","Female Breast, <i>in situ</i>","2022"
"Maine",NA,NA,NA,NA,"Incidence",11605,"Non-Hispanic Asian/Pacific Islander","Female","Female Breast","2022"
"Maine",NA,NA,NA,NA,"Incidence",11605,"Non-Hispanic Asian/Pacific Islander","Female","Female Breast, <i>in situ</i>","2022"
"Maine",NA,NA,NA,NA,"Incidence",14218,"Non-Hispanic Black","Female","Female Breast","2022"
"Maine",NA,NA,NA,NA,"Incidence",14218,"Non-Hispanic Black","Female","Female Breast, <i>in situ</i>","2022"
"Maine",128.3,144.1,136,1390,"Incidence",658912,"Non-Hispanic White","Female","Female Breast","2022"
"Maine",27.2,35,30.9,303,"Incidence",658912,"Non-Hispanic White","Female","Female Breast, <i>in situ</i>","2022"
"Maryland",140.8,148.6,144.6,5778,"Incidence",3166110,"All Races","Female","Female Breast","2022"
"Maryland",33,36.9,34.9,1378,"Incidence",3166110,"All Races","Female","Female Breast, <i>in situ</i>","2022"
"Maryland",71.3,93.7,81.9,233,"Incidence",367718,"Hispanic of any race","Female","Female Breast","2022"
"Maryland",18.6,30.5,24,72,"Incidence",367718,"Hispanic of any race","Female","Female Breast, <i>in situ</i>","2022"
"Maryland",NA,NA,NA,NA,"Incidence",9368,"Non-Hispanic American Indian/Alaska Native","Female","Female Breast","2022"
"Maryland",NA,NA,NA,NA,"Incidence",9368,"Non-Hispanic American Indian/Alaska Native","Female","Female Breast, <i>in situ</i>","2022"
"Maryland",111.7,138.9,124.7,340,"Incidence",235285,"Non-Hispanic Asian/Pacific Islander","Female","Female Breast","2022"
"Maryland",28.1,42.5,34.7,97,"Incidence",235285,"Non-Hispanic Asian/Pacific Islander","Female","Female Breast, <i>in situ</i>","2022"
"Maryland",141.5,155.6,148.4,1834,"Incidence",1022682,"Non-Hispanic Black","Female","Female Breast","2022"
"Maryland",34.1,41.2,37.5,465,"Incidence",1022682,"Non-Hispanic Black","Female","Female Breast, <i>in situ</i>","2022"
"Maryland",146.6,157.7,152.1,3335,"Incidence",1531057,"Non-Hispanic White","Female","Female Breast","2022"
"Maryland",32.2,37.8,34.9,734,"Incidence",1531057,"Non-Hispanic White","Female","Female Breast, <i>in situ</i>","2022"
"Massachusetts",131,138.1,134.5,6163,"Incidence",3570980,"All Races","Female","Female Breast","2022"
"Massachusetts",34.9,38.7,36.8,1650,"Incidence",3570980,"All Races","Female","Female Breast, <i>in situ</i>","2022"
"Massachusetts",94.7,116.4,105.2,393,"Incidence",462861,"Hispanic of any race","Female","Female Breast","2022"
"Massachusetts",27.3,39.4,33,125,"Incidence",462861,"Hispanic of any race","Female","Female Breast, <i>in situ</i>","2022"
"Massachusetts",NA,NA,NA,NA,"Incidence",8021,"Non-Hispanic American Indian/Alaska Native","Female","Female Breast","2022"
"Massachusetts",NA,NA,NA,NA,"Incidence",8021,"Non-Hispanic American Indian/Alaska Native","Female","Female Breast, <i>in situ</i>","2022"
"Massachusetts",85.7,109.3,96.9,274,"Incidence",286235,"Non-Hispanic Asian/Pacific Islander","Female","Female Breast","2022"
"Massachusetts",31.2,46.2,38.1,107,"Incidence",286235,"Non-Hispanic Asian/Pacific Islander","Female","Female Breast, <i>in situ</i>","2022"
"Massachusetts",100.6,125.6,112.6,334,"Incidence",289532,"Non-Hispanic Black","Female","Female Breast","2022"
"Massachusetts",33.7,49,40.8,119,"Incidence",289532,"Non-Hispanic Black","Female","Female Breast, <i>in situ</i>","2022"
"Massachusetts",136.8,145.3,141,5087,"Incidence",2524331,"Non-Hispanic White","Female","Female Breast","2022"
"Massachusetts",34,38.3,36.1,1272,"Incidence",2524331,"Non-Hispanic White","Female","Female Breast, <i>in situ</i>","2022"
"Michigan",131.1,137,134,8866,"Incidence",5061136,"All Races","Female","Female Breast","2022"
"Michigan",32.5,35.5,34,2203,"Incidence",5061136,"All Races","Female","Female Breast, <i>in situ</i>","2022"
"Michigan",91.8,121.3,105.8,217,"Incidence",288533,"Hispanic of any race","Female","Female Breast","2022"
"Michigan",19,33.6,25.6,53,"Incidence",288533,"Hispanic of any race","Female","Female Breast, <i>in situ</i>","2022"
"Michigan",72.4,138.4,101.3,44,"Incidence",36404,"Non-Hispanic American Indian/Alaska Native","Female","Female Breast","2022"
"Michigan",NA,NA,NA,NA,"Incidence",36404,"Non-Hispanic American Indian/Alaska Native","Female","Female Breast, <i>in situ</i>","2022"
"Michigan",82.7,111.8,96.4,179,"Incidence",188925,"Non-Hispanic Asian/Pacific Islander","Female","Female Breast","2022"
"Michigan",25.7,43.1,33.5,62,"Incidence",188925,"Non-Hispanic Asian/Pacific Islander","Female","Female Breast, <i>in situ</i>","2022"
"Michigan",121.3,137.1,129,1105,"Incidence",769517,"Non-Hispanic Black","Female","Female Breast","2022"
"Michigan",33.1,41.6,37.1,323,"Incidence",769517,"Non-Hispanic Black","Female","Female Breast, <i>in situ</i>","2022"
"Michigan",132.8,139.6,136.2,7247,"Incidence",3777757,"Non-Hispanic White","Female","Female Breast","2022"
"Michigan",32.1,35.6,33.8,1735,"Incidence",3777757,"Non-Hispanic White","Female","Female Breast, <i>in situ</i>","2022"
"Minnesota",141,149.3,145.1,5104,"Incidence",2850126,"All Races","Female","Female Breast","2022"
"Minnesota",30,34,31.9,1084,"Incidence",2850126,"All Races","Female","Female Breast, <i>in situ</i>","2022"
"Minnesota",116,169,140.8,139,"Incidence",172917,"Hispanic of any race","Female","Female Breast","2022"
"Minnesota",12.3,29.5,19.5,24,"Incidence",172917,"Hispanic of any race","Female","Female Breast, <i>in situ</i>","2022"
"Minnesota",99.7,189.1,139.3,43,"Incidence",34484,"Non-Hispanic American Indian/Alaska Native","Female","Female Breast","2022"
"Minnesota",NA,NA,NA,NA,"Incidence",34484,"Non-Hispanic American Indian/Alaska Native","Female","Female Breast, <i>in situ</i>","2022"
"Minnesota",73.7,107.4,89.4,119,"Incidence",166104,"Non-Hispanic Asian/Pacific Islander","Female","Female Breast","2022"
"Minnesota",21.1,40.4,29.6,41,"Incidence",166104,"Non-Hispanic Asian/Pacific Islander","Female","Female Breast, <i>in situ</i>","2022"
"Minnesota",98.8,136.2,116.5,172,"Incidence",228331,"Non-Hispanic Black","Female","Female Breast","2022"
"Minnesota",21.7,40.6,30.1,45,"Incidence",228331,"Non-Hispanic Black","Female","Female Breast, <i>in situ</i>","2022"
"Minnesota",145,154.2,149.5,4613,"Incidence",2248290,"Non-Hispanic White","Female","Female Breast","2022"
"Minnesota",30.4,34.8,32.5,961,"Incidence",2248290,"Non-Hispanic White","Female","Female Breast, <i>in situ</i>","2022"
"Mississippi",119.5,130,124.7,2376,"Incidence",1512732,"All Races","Female","Female Breast","2022"
"Mississippi",24.7,29.6,27.1,513,"Incidence",1512732,"All Races","Female","Female Breast, <i>in situ</i>","2022"
"Mississippi",NA,NA,NA,NA,"Incidence",50000,"Hispanic of any race","Female","Female Breast","2022"
"Mississippi",NA,NA,NA,NA,"Incidence",50000,"Hispanic of any race","Female","Female Breast, <i>in situ</i>","2022"
"Mississippi",NA,NA,NA,NA,"Incidence",8133,"Non-Hispanic American Indian/Alaska Native","Female","Female Breast","2022"
"Mississippi",NA,NA,NA,NA,"Incidence",8133,"Non-Hispanic American Indian/Alaska Native","Female","Female Breast, <i>in situ</i>","2022"
"Mississippi",44.2,128.6,78.2,16,"Incidence",19663,"Non-Hispanic Asian/Pacific Islander","Female","Female Breast","2022"
"Mississippi",NA,NA,NA,NA,"Incidence",19663,"Non-Hispanic Asian/Pacific Islander","Female","Female Breast, <i>in situ</i>","2022"
"Mississippi",117.4,135.5,126.2,817,"Incidence",592088,"Non-Hispanic Black","Female","Female Breast","2022"
"Mississippi",26.6,35.5,30.8,208,"Incidence",592088,"Non-Hispanic Black","Female","Female Breast, <i>in situ</i>","2022"
"Mississippi",120,133.7,126.7,1518,"Incidence",842848,"Non-Hispanic White","Female","Female Breast","2022"
"Mississippi",22.3,28.6,25.3,292,"Incidence",842848,"Non-Hispanic White","Female","Female Breast, <i>in situ</i>","2022"
"Missouri",134.8,142.5,138.6,5538,"Incidence",3127634,"All Races","Female","Female Breast","2022"
"Missouri",26.5,30,28.2,1134,"Incidence",3127634,"All Races","Female","Female Breast, <i>in situ</i>","2022"
"Missouri",59.1,93.5,74.9,82,"Incidence",155586,"Hispanic of any race","Female","Female Breast","2022"
"Missouri",7.8,22.7,13.9,16,"Incidence",155586,"Hispanic of any race","Female","Female Breast, <i>in situ</i>","2022"
"Missouri",NA,NA,NA,NA,"Incidence",17294,"Non-Hispanic American Indian/Alaska Native","Female","Female Breast","2022"
"Missouri",NA,NA,NA,NA,"Incidence",17294,"Non-Hispanic American Indian/Alaska Native","Female","Female Breast, <i>in situ</i>","2022"
"Missouri",105.7,157,129.4,106,"Incidence",83972,"Non-Hispanic Asian/Pacific Islander","Female","Female Breast","2022"
"Missouri",16.8,40.3,26.6,23,"Incidence",83972,"Non-Hispanic Asian/Pacific Islander","Female","Female Breast, <i>in situ</i>","2022"
"Missouri",112.8,135,123.5,513,"Incidence",396628,"Non-Hispanic Black","Female","Female Breast","2022"
"Missouri",23,33.6,27.9,117,"Incidence",396628,"Non-Hispanic Black","Female","Female Breast, <i>in situ</i>","2022"
"Missouri",138.3,146.9,142.6,4808,"Incidence",2474154,"Non-Hispanic White","Female","Female Breast","2022"
"Missouri",26.9,30.8,28.8,972,"Incidence",2474154,"Non-Hispanic White","Female","Female Breast, <i>in situ</i>","2022"
"Montana",129.6,148.2,138.7,994,"Incidence",554057,"All Races","Female","Female Breast","2022"
"Montana",21.1,28.9,24.7,185,"Incidence",554057,"All Races","Female","Female Breast, <i>in situ</i>","2022"
"Montana",NA,NA,NA,NA,"Incidence",24964,"Hispanic of any race","Female","Female Breast","2022"
"Montana",NA,NA,NA,NA,"Incidence",24964,"Hispanic of any race","Female","Female Breast, <i>in situ</i>","2022"
"Montana",121.8,218.2,165,52,"Incidence",36005,"Non-Hispanic American Indian/Alaska Native","Female","Female Breast","2022"
"Montana",NA,NA,NA,NA,"Incidence",36005,"Non-Hispanic American Indian/Alaska Native","Female","Female Breast, <i>in situ</i>","2022"
"Montana",135.5,360.3,226.8,19,"Incidence",7965,"Non-Hispanic Asian/Pacific Islander","Female","Female Breast","2022"
"Montana",NA,NA,NA,NA,"Incidence",7965,"Non-Hispanic Asian/Pacific Islander","Female","Female Breast, <i>in situ</i>","2022"
"Montana",NA,NA,NA,NA,"Incidence",4500,"Non-Hispanic Black","Female","Female Breast","2022"
"Montana",NA,NA,NA,NA,"Incidence",4500,"Non-Hispanic Black","Female","Female Breast, <i>in situ</i>","2022"
"Montana",127.9,147.5,137.4,904,"Incidence",480623,"Non-Hispanic White","Female","Female Breast","2022"
"Montana",21.9,30.5,25.9,174,"Incidence",480623,"Non-Hispanic White","Female","Female Breast, <i>in situ</i>","2022"
"Nebraska",118.4,131.9,125,1455,"Incidence",978931,"All Races","Female","Female Breast","2022"
"Nebraska",26,32.7,29.2,332,"Incidence",978931,"All Races","Female","Female Breast, <i>in situ</i>","2022"
"Nebraska",74.7,123.6,97,73,"Incidence",118605,"Hispanic of any race","Female","Female Breast","2022"
"Nebraska",NA,NA,NA,NA,"Incidence",118605,"Hispanic of any race","Female","Female Breast, <i>in situ</i>","2022"
"Nebraska",NA,NA,NA,NA,"Incidence",9077,"Non-Hispanic American Indian/Alaska Native","Female","Female Breast","2022"
"Nebraska",NA,NA,NA,NA,"Incidence",9077,"Non-Hispanic American Indian/Alaska Native","Female","Female Breast, <i>in situ</i>","2022"
"Nebraska",47.7,126.3,80.4,19,"Incidence",29957,"Non-Hispanic Asian/Pacific Islander","Female","Female Breast","2022"
"Nebraska",NA,NA,NA,NA,"Incidence",29957,"Non-Hispanic Asian/Pacific Islander","Female","Female Breast, <i>in situ</i>","2022"
"Nebraska",73.2,137.8,102,43,"Incidence",54823,"Non-Hispanic Black","Female","Female Breast","2022"
"Nebraska",26.4,69.2,44.2,19,"Incidence",54823,"Non-Hispanic Black","Female","Female Breast, <i>in situ</i>","2022"
"Nebraska",119.6,134.5,126.9,1283,"Incidence",766469,"Non-Hispanic White","Female","Female Breast","2022"
"Nebraska",25.8,33.2,29.3,281,"Incidence",766469,"Non-Hispanic White","Female","Female Breast, <i>in situ</i>","2022"
"Nevada",108.9,118.7,113.7,2215,"Incidence",1577958,"All Races","Female","Female Breast","2022"
"Nevada",18.4,22.7,20.5,397,"Incidence",1577958,"All Races","Female","Female Breast, <i>in situ</i>","2022"
"Nevada",81.7,102.3,91.6,336,"Incidence",462006,"Hispanic of any race","Female","Female Breast","2022"
"Nevada",11,18.9,14.6,57,"Incidence",462006,"Hispanic of any race","Female","Female Breast, <i>in situ</i>","2022"
"Nevada",52.1,144.1,88.8,19,"Incidence",15953,"Non-Hispanic American Indian/Alaska Native","Female","Female Breast","2022"
"Nevada",NA,NA,NA,NA,"Incidence",15953,"Non-Hispanic American Indian/Alaska Native","Female","Female Breast, <i>in situ</i>","2022"
"Nevada",99.6,127.7,112.9,278,"Incidence",180910,"Non-Hispanic Asian/Pacific Islander","Female","Female Breast","2022"
"Nevada",20.1,33.6,26.1,68,"Incidence",180910,"Non-Hispanic Asian/Pacific Islander","Female","Female Breast, <i>in situ</i>","2022"
"Nevada",107.7,142.3,124.1,215,"Incidence",174744,"Non-Hispanic Black","Female","Female Breast","2022"
"Nevada",17.3,33.1,24.3,41,"Incidence",174744,"Non-Hispanic Black","Female","Female Breast, <i>in situ</i>","2022"
"Nevada",110.4,124.1,117,1341,"Incidence",744345,"Non-Hispanic White","Female","Female Breast","2022"
"Nevada",17.5,23.5,20.3,223,"Incidence",744345,"Non-Hispanic White","Female","Female Breast, <i>in situ</i>","2022"
"New Hampshire",136,152.4,144,1404,"Incidence",700765,"All Races","Female","Female Breast","2022"
"New Hampshire",28.1,36.1,31.9,293,"Incidence",700765,"All Races","Female","Female Breast, <i>in situ</i>","2022"
"New Hampshire",59.5,150.5,97.9,22,"Incidence",31574,"Hispanic of any race","Female","Female Breast","2022"
"New Hampshire",NA,NA,NA,NA,"Incidence",31574,"Hispanic of any race","Female","Female Breast, <i>in situ</i>","2022"
"New Hampshire",NA,NA,NA,NA,"Incidence",1858,"Non-Hispanic American Indian/Alaska Native","Female","Female Breast","2022"
"New Hampshire",NA,NA,NA,NA,"Incidence",1858,"Non-Hispanic American Indian/Alaska Native","Female","Female Breast, <i>in situ</i>","2022"
"New Hampshire",90.5,195.7,135.7,31,"Incidence",24029,"Non-Hispanic Asian/Pacific Islander","Female","Female Breast","2022"
"New Hampshire",NA,NA,NA,NA,"Incidence",24029,"Non-Hispanic Asian/Pacific Islander","Female","Female Breast, <i>in situ</i>","2022"
"New Hampshire",NA,NA,NA,NA,"Incidence",12159,"Non-Hispanic Black","Female","Female Breast","2022"
"New Hampshire",NA,NA,NA,NA,"Incidence",12159,"Non-Hispanic Black","Female","Female Breast, <i>in situ</i>","2022"
"New Hampshire",136.4,153.5,144.7,1328,"Incidence",631145,"Non-Hispanic White","Female","Female Breast","2022"
"New Hampshire",28.9,37.6,33,280,"Incidence",631145,"Non-Hispanic White","Female","Female Breast, <i>in situ</i>","2022"
"New Jersey",140.5,146.8,143.6,8644,"Incidence",4704672,"All Races","Female","Female Breast","2022"
"New Jersey",41.7,45.3,43.5,2485,"Incidence",4704672,"All Races","Female","Female Breast, <i>in situ</i>","2022"
"New Jersey",103,116.4,109.5,1079,"Incidence",1028459,"Hispanic of any race","Female","Female Breast","2022"
"New Jersey",26.8,33.8,30.1,297,"Incidence",1028459,"Hispanic of any race","Female","Female Breast, <i>in situ</i>","2022"
"New Jersey",NA,NA,NA,NA,"Incidence",9444,"Non-Hispanic American Indian/Alaska Native","Female","Female Breast","2022"
"New Jersey",NA,NA,NA,NA,"Incidence",9444,"Non-Hispanic American Indian/Alaska Native","Female","Female Breast, <i>in situ</i>","2022"
"New Jersey",118.3,137.2,127.5,731,"Incidence",500828,"Non-Hispanic Asian/Pacific Islander","Female","Female Breast","2022"
"New Jersey",37.7,48.6,42.9,249,"Incidence",500828,"Non-Hispanic Asian/Pacific Islander","Female","Female Breast, <i>in situ</i>","2022"
"New Jersey",124.6,141.5,132.8,1021,"Incidence",658083,"Non-Hispanic Black","Female","Female Breast","2022"
"New Jersey",31.5,40.3,35.7,277,"Incidence",658083,"Non-Hispanic Black","Female","Female Breast, <i>in situ</i>","2022"
"New Jersey",150.8,159.7,155.2,5718,"Incidence",2507858,"Non-Hispanic White","Female","Female Breast","2022"
"New Jersey",47.2,52.5,49.8,1628,"Incidence",2507858,"Non-Hispanic White","Female","Female Breast, <i>in situ</i>","2022"
"New Mexico",108.7,120.7,114.6,1613,"Incidence",1062932,"All Races","Female","Female Breast","2022"
"New Mexico",18.3,23.6,20.8,285,"Incidence",1062932,"All Races","Female","Female Breast, <i>in situ</i>","2022"
"New Mexico",108.6,127.6,117.8,624,"Incidence",513080,"Hispanic of any race","Female","Female Breast","2022"
"New Mexico",13.5,20.8,16.9,92,"Incidence",513080,"Hispanic of any race","Female","Female Breast, <i>in situ</i>","2022"
"New Mexico",43.8,73.2,57.1,66,"Incidence",102509,"Non-Hispanic American Indian/Alaska Native","Female","Female Breast","2022"
"New Mexico",NA,NA,NA,NA,"Incidence",102509,"Non-Hispanic American Indian/Alaska Native","Female","Female Breast, <i>in situ</i>","2022"
"New Mexico",45.1,114.6,73.2,21,"Incidence",22516,"Non-Hispanic Asian/Pacific Islander","Female","Female Breast","2022"
"New Mexico",NA,NA,NA,NA,"Incidence",22516,"Non-Hispanic Asian/Pacific Islander","Female","Female Breast, <i>in situ</i>","2022"
"New Mexico",55,146.1,92.9,19,"Incidence",22868,"Non-Hispanic Black","Female","Female Breast","2022"
"New Mexico",NA,NA,NA,NA,"Incidence",22868,"Non-Hispanic Black","Female","Female Breast, <i>in situ</i>","2022"
"New Mexico",109,127.8,118,839,"Incidence",401959,"Non-Hispanic White","Female","Female Breast","2022"
"New Mexico",18.1,26.6,22,149,"Incidence",401959,"Non-Hispanic White","Female","Female Breast, <i>in situ</i>","2022"
"New York",138.6,142.9,140.8,17910,"Incidence",10067688,"All Races","Female","Female Breast","2022"
"New York",46.9,49.5,48.2,5872,"Incidence",10067688,"All Races","Female","Female Breast, <i>in situ</i>","2022"
"New York",105.1,114.4,109.7,2195,"Incidence",1961945,"Hispanic of any race","Female","Female Breast","2022"
"New York",38.6,44.3,41.4,830,"Incidence",1961945,"Hispanic of any race","Female","Female Breast, <i>in situ</i>","2022"
"New York",NA,NA,NA,NA,"Incidence",37487,"Non-Hispanic American Indian/Alaska Native","Female","Female Breast","2022"
"New York",NA,NA,NA,NA,"Incidence",37487,"Non-Hispanic American Indian/Alaska Native","Female","Female Breast, <i>in situ</i>","2022"
"New York",119.6,132.9,126.2,1450,"Incidence",997433,"Non-Hispanic Asian/Pacific Islander","Female","Female Breast","2022"
"New York",48.8,57.5,53,602,"Incidence",997433,"Non-Hispanic Asian/Pacific Islander","Female","Female Breast, <i>in situ</i>","2022"
"New York",130.6,141.6,136,2564,"Incidence",1575111,"Non-Hispanic Black","Female","Female Breast","2022"
"New York",46.4,53.1,49.6,938,"Incidence",1575111,"Non-Hispanic Black","Female","Female Breast, <i>in situ</i>","2022"
"New York",146.5,152.5,149.5,11454,"Incidence",5495712,"Non-Hispanic White","Female","Female Breast","2022"
"New York",46.1,49.6,47.8,3377,"Incidence",5495712,"Non-Hispanic White","Female","Female Breast, <i>in situ</i>","2022"
"North Carolina",138,143.8,140.9,9719,"Incidence",5466317,"All Races","Female","Female Breast","2022"
"North Carolina",33,35.9,34.4,2374,"Incidence",5466317,"All Races","Female","Female Breast, <i>in situ</i>","2022"
"North Carolina",90.6,113.7,101.7,370,"Incidence",581670,"Hispanic of any race","Female","Female Breast","2022"
"North Carolina",20.5,31,25.4,104,"Incidence",581670,"Hispanic of any race","Female","Female Breast, <i>in situ</i>","2022"
"North Carolina",105,161.3,130.8,93,"Incidence",61319,"Non-Hispanic American Indian/Alaska Native","Female","Female Breast","2022"
"North Carolina",NA,NA,NA,NA,"Incidence",61319,"Non-Hispanic American Indian/Alaska Native","Female","Female Breast, <i>in situ</i>","2022"
"North Carolina",91.7,122.4,106.2,202,"Incidence",202116,"Non-Hispanic Asian/Pacific Islander","Female","Female Breast","2022"
"North Carolina",19.3,34.5,26.1,51,"Incidence",202116,"Non-Hispanic Asian/Pacific Islander","Female","Female Breast, <i>in situ</i>","2022"
"North Carolina",135.5,148.4,141.8,2020,"Incidence",1241486,"Non-Hispanic Black","Female","Female Breast","2022"
"North Carolina",35.9,42.6,39.1,571,"Incidence",1241486,"Non-Hispanic Black","Female","Female Breast, <i>in situ</i>","2022"
"North Carolina",140.7,148,144.3,6969,"Incidence",3379726,"Non-Hispanic White","Female","Female Breast","2022"
"North Carolina",32.5,36.1,34.2,1624,"Incidence",3379726,"Non-Hispanic White","Female","Female Breast, <i>in situ</i>","2022"
"North Dakota",113.9,136.3,124.7,541,"Incidence",379240,"All Races","Female","Female Breast","2022"
"North Dakota",20.5,30.5,25.1,114,"Incidence",379240,"All Races","Female","Female Breast, <i>in situ</i>","2022"
"North Dakota",NA,NA,NA,NA,"Incidence",16633,"Hispanic of any race","Female","Female Breast","2022"
"North Dakota",NA,NA,NA,NA,"Incidence",16633,"Hispanic of any race","Female","Female Breast, <i>in situ</i>","2022"
"North Dakota",NA,NA,NA,NA,"Incidence",20345,"Non-Hispanic American Indian/Alaska Native","Female","Female Breast","2022"
"North Dakota",NA,NA,NA,NA,"Incidence",20345,"Non-Hispanic American Indian/Alaska Native","Female","Female Breast, <i>in situ</i>","2022"
"North Dakota",NA,NA,NA,NA,"Incidence",7383,"Non-Hispanic Asian/Pacific Islander","Female","Female Breast","2022"
"North Dakota",NA,NA,NA,NA,"Incidence",7383,"Non-Hispanic Asian/Pacific Islander","Female","Female Breast, <i>in situ</i>","2022"
"North Dakota",NA,NA,NA,NA,"Incidence",13625,"Non-Hispanic Black","Female","Female Breast","2022"
"North Dakota",NA,NA,NA,NA,"Incidence",13625,"Non-Hispanic Black","Female","Female Breast, <i>in situ</i>","2022"
"North Dakota",118.5,142.9,130.2,515,"Incidence",321254,"Non-Hispanic White","Female","Female Breast","2022"
"North Dakota",20.3,30.9,25.1,105,"Incidence",321254,"Non-Hispanic White","Female","Female Breast, <i>in situ</i>","2022"
"Ohio",130.4,135.9,133.1,10189,"Incidence",5960017,"All Races","Female","Female Breast","2022"
"Ohio",25.7,28.2,26.9,2050,"Incidence",5960017,"All Races","Female","Female Breast, <i>in situ</i>","2022"
"Ohio",63.6,89.5,75.8,143,"Incidence",270170,"Hispanic of any race","Female","Female Breast","2022"
"Ohio",9.5,20.9,14.5,28,"Incidence",270170,"Hispanic of any race","Female","Female Breast, <i>in situ</i>","2022"
"Ohio",54,153.9,94.1,18,"Incidence",15802,"Non-Hispanic American Indian/Alaska Native","Female","Female Breast","2022"
"Ohio",NA,NA,NA,NA,"Incidence",15802,"Non-Hispanic American Indian/Alaska Native","Female","Female Breast, <i>in situ</i>","2022"
"Ohio",91.1,123.3,106.3,178,"Incidence",176730,"Non-Hispanic Asian/Pacific Islander","Female","Female Breast","2022"
"Ohio",20.6,37.2,28,48,"Incidence",176730,"Non-Hispanic Asian/Pacific Islander","Female","Female Breast, <i>in situ</i>","2022"
"Ohio",121.3,136.9,128.9,1122,"Incidence",846954,"Non-Hispanic Black","Female","Female Breast","2022"
"Ohio",27.5,35.1,31.1,281,"Incidence",846954,"Non-Hispanic Black","Female","Female Breast, <i>in situ</i>","2022"
"Ohio",132.3,138.4,135.3,8669,"Incidence",4650361,"Non-Hispanic White","Female","Female Breast","2022"
"Ohio",25.1,27.9,26.5,1668,"Incidence",4650361,"Non-Hispanic White","Female","Female Breast, <i>in situ</i>","2022"
"Oklahoma",130.6,140.2,135.3,3287,"Incidence",2018971,"All Races","Female","Female Breast","2022"
"Oklahoma",21,25.1,23,551,"Incidence",2018971,"All Races","Female","Female Breast, <i>in situ</i>","2022"
"Oklahoma",98.5,136.7,116.5,170,"Incidence",242883,"Hispanic of any race","Female","Female Breast","2022"
"Oklahoma",16.9,34.1,24.4,37,"Incidence",242883,"Hispanic of any race","Female","Female Breast, <i>in situ</i>","2022"
"Oklahoma",140,177.6,158,294,"Incidence",192163,"Non-Hispanic American Indian/Alaska Native","Female","Female Breast","2022"
"Oklahoma",17,32,23.7,43,"Incidence",192163,"Non-Hispanic American Indian/Alaska Native","Female","Female Breast, <i>in situ</i>","2022"
"Oklahoma",79.2,136.9,105.2,59,"Incidence",61086,"Non-Hispanic Asian/Pacific Islander","Female","Female Breast","2022"
"Oklahoma",21.4,55.9,35.7,20,"Incidence",61086,"Non-Hispanic Asian/Pacific Islander","Female","Female Breast, <i>in situ</i>","2022"
"Oklahoma",126.4,165.7,145.1,230,"Incidence",173513,"Non-Hispanic Black","Female","Female Breast","2022"
"Oklahoma",21.7,39.3,29.5,50,"Incidence",173513,"Non-Hispanic Black","Female","Female Breast, <i>in situ</i>","2022"
"Oklahoma",128.3,139.4,133.8,2522,"Incidence",1349326,"Non-Hispanic White","Female","Female Breast","2022"
"Oklahoma",19.3,23.9,21.5,397,"Incidence",1349326,"Non-Hispanic White","Female","Female Breast, <i>in situ</i>","2022"
"Oregon",120.6,129.3,124.8,3505,"Incidence",2126890,"All Races","Female","Female Breast","2022"
"Oregon",26.4,30.7,28.5,755,"Incidence",2126890,"All Races","Female","Female Breast, <i>in situ</i>","2022"
"Oregon",86.7,117,101,201,"Incidence",298729,"Hispanic of any race","Female","Female Breast","2022"
"Oregon",19,33.3,25.4,56,"Incidence",298729,"Hispanic of any race","Female","Female Breast, <i>in situ</i>","2022"
"Oregon",74.5,151.9,108,37,"Incidence",28850,"Non-Hispanic American Indian/Alaska Native","Female","Female Breast","2022"
"Oregon",NA,NA,NA,NA,"Incidence",28850,"Non-Hispanic American Indian/Alaska Native","Female","Female Breast, <i>in situ</i>","2022"
"Oregon",77.5,110.4,92.8,133,"Incidence",133166,"Non-Hispanic Asian/Pacific Islander","Female","Female Breast","2022"
"Oregon",16.7,33.3,23.9,36,"Incidence",133166,"Non-Hispanic Asian/Pacific Islander","Female","Female Breast, <i>in situ</i>","2022"
"Oregon",64.2,124.8,90.9,39,"Incidence",52792,"Non-Hispanic Black","Female","Female Breast","2022"
"Oregon",NA,NA,NA,NA,"Incidence",52792,"Non-Hispanic Black","Female","Female Breast, <i>in situ</i>","2022"
"Oregon",123.7,133.5,128.6,3061,"Incidence",1613353,"Non-Hispanic White","Female","Female Breast","2022"
"Oregon",26.3,31.1,28.6,636,"Incidence",1613353,"Non-Hispanic White","Female","Female Breast, <i>in situ</i>","2022"
"Pennsylvania",132.5,137.7,135.1,11831,"Incidence",6578161,"All Races","Female","Female Breast","2022"
"Pennsylvania",32.6,35.3,33.9,2832,"Incidence",6578161,"All Races","Female","Female Breast, <i>in situ</i>","2022"
"Pennsylvania",88.9,109,98.6,407,"Incidence",551142,"Hispanic of any race","Female","Female Breast","2022"
"Pennsylvania",22.1,32.3,26.9,117,"Incidence",551142,"Hispanic of any race","Female","Female Breast, <i>in situ</i>","2022"
"Pennsylvania",NA,NA,NA,NA,"Incidence",12197,"Non-Hispanic American Indian/Alaska Native","Female","Female Breast","2022"
"Pennsylvania",NA,NA,NA,NA,"Incidence",12197,"Non-Hispanic American Indian/Alaska Native","Female","Female Breast, <i>in situ</i>","2022"
"Pennsylvania",87.2,111.2,98.7,275,"Incidence",279318,"Non-Hispanic Asian/Pacific Islander","Female","Female Breast","2022"
"Pennsylvania",24.9,38.4,31.1,88,"Incidence",279318,"Non-Hispanic Asian/Pacific Islander","Female","Female Breast, <i>in situ</i>","2022"
"Pennsylvania",115.7,131.4,123.4,1027,"Incidence",777771,"Non-Hispanic Black","Female","Female Breast","2022"
"Pennsylvania",30.1,38.5,34.1,279,"Incidence",777771,"Non-Hispanic Black","Female","Female Breast, <i>in situ</i>","2022"
"Pennsylvania",135.7,141.7,138.7,10003,"Incidence",4957733,"Non-Hispanic White","Female","Female Breast","2022"
"Pennsylvania",32.4,35.5,33.9,2315,"Incidence",4957733,"Non-Hispanic White","Female","Female Breast, <i>in situ</i>","2022"
"Rhode Island",134.1,152.7,143.2,1045,"Incidence",557461,"All Races","Female","Female Breast","2022"
"Rhode Island",36.4,46.6,41.2,296,"Incidence",557461,"All Races","Female","Female Breast, <i>in situ</i>","2022"
"Rhode Island",99.7,153.2,124.4,92,"Incidence",94696,"Hispanic of any race","Female","Female Breast","2022"
"Rhode Island",27.3,56.7,40,32,"Incidence",94696,"Hispanic of any race","Female","Female Breast, <i>in situ</i>","2022"
"Rhode Island",NA,NA,NA,NA,"Incidence",2711,"Non-Hispanic American Indian/Alaska Native","Female","Female Breast","2022"
"Rhode Island",NA,NA,NA,NA,"Incidence",2711,"Non-Hispanic American Indian/Alaska Native","Female","Female Breast, <i>in situ</i>","2022"
"Rhode Island",60.5,152.3,98.5,21,"Incidence",21542,"Non-Hispanic Asian/Pacific Islander","Female","Female Breast","2022"
"Rhode Island",NA,NA,NA,NA,"Incidence",21542,"Non-Hispanic Asian/Pacific Islander","Female","Female Breast, <i>in situ</i>","2022"
"Rhode Island",89.8,166.5,123.9,46,"Incidence",38982,"Non-Hispanic Black","Female","Female Breast","2022"
"Rhode Island",38.6,95,62.3,22,"Incidence",38982,"Non-Hispanic Black","Female","Female Breast, <i>in situ</i>","2022"
"Rhode Island",137.6,159.6,148.2,876,"Incidence",399530,"Non-Hispanic White","Female","Female Breast","2022"
"Rhode Island",34.2,45.7,39.6,231,"Incidence",399530,"Non-Hispanic White","Female","Female Breast, <i>in situ</i>","2022"
"South Carolina",134.9,143.1,139,4978,"Incidence",2714958,"All Races","Female","Female Breast","2022"
"South Carolina",28.7,32.6,30.6,1075,"Incidence",2714958,"All Races","Female","Female Breast, <i>in situ</i>","2022"
"South Carolina",84.9,121.5,102.1,136,"Incidence",182685,"Hispanic of any race","Female","Female Breast","2022"
"South Carolina",13.4,29.8,20.4,28,"Incidence",182685,"Hispanic of any race","Female","Female Breast, <i>in situ</i>","2022"
"South Carolina",68.8,200.4,120.7,17,"Incidence",10793,"Non-Hispanic American Indian/Alaska Native","Female","Female Breast","2022"
"South Carolina",NA,NA,NA,NA,"Incidence",10793,"Non-Hispanic American Indian/Alaska Native","Female","Female Breast, <i>in situ</i>","2022"
"South Carolina",62.9,112,84.8,52,"Incidence",59294,"Non-Hispanic Asian/Pacific Islander","Female","Female Breast","2022"
"South Carolina",24.8,57.5,38.5,25,"Incidence",59294,"Non-Hispanic Asian/Pacific Islander","Female","Female Breast, <i>in situ</i>","2022"
"South Carolina",134.9,151.6,143.1,1228,"Incidence",740209,"Non-Hispanic Black","Female","Female Breast","2022"
"South Carolina",27.6,35.5,31.3,273,"Incidence",740209,"Non-Hispanic Black","Female","Female Breast, <i>in situ</i>","2022"
"South Carolina",134.8,144.9,139.8,3514,"Incidence",1721977,"Non-Hispanic White","Female","Female Breast","2022"
"South Carolina",28.1,32.9,30.4,742,"Incidence",1721977,"Non-Hispanic White","Female","Female Breast, <i>in situ</i>","2022"
"South Dakota",125.4,146.5,135.7,734,"Incidence",447490,"All Races","Female","Female Breast","2022"
"South Dakota",23.1,32.6,27.5,152,"Incidence",447490,"All Races","Female","Female Breast, <i>in situ</i>","2022"
"South Dakota",NA,NA,NA,NA,"Incidence",20645,"Hispanic of any race","Female","Female Breast","2022"
"South Dakota",NA,NA,NA,NA,"Incidence",20645,"Hispanic of any race","Female","Female Breast, <i>in situ</i>","2022"
"South Dakota",100,197.2,143,38,"Incidence",37579,"Non-Hispanic American Indian/Alaska Native","Female","Female Breast","2022"
"South Dakota",NA,NA,NA,NA,"Incidence",37579,"Non-Hispanic American Indian/Alaska Native","Female","Female Breast, <i>in situ</i>","2022"
"South Dakota",NA,NA,NA,NA,"Incidence",9478,"Non-Hispanic Asian/Pacific Islander","Female","Female Breast","2022"
"South Dakota",NA,NA,NA,NA,"Incidence",9478,"Non-Hispanic Asian/Pacific Islander","Female","Female Breast, <i>in situ</i>","2022"
"South Dakota",NA,NA,NA,NA,"Incidence",11635,"Non-Hispanic Black","Female","Female Breast","2022"
"South Dakota",NA,NA,NA,NA,"Incidence",11635,"Non-Hispanic Black","Female","Female Breast, <i>in situ</i>","2022"
"South Dakota",126.5,149.2,137.5,676,"Incidence",368153,"Non-Hispanic White","Female","Female Breast","2022"
"South Dakota",23.6,34,28.4,140,"Incidence",368153,"Non-Hispanic White","Female","Female Breast, <i>in situ</i>","2022"
"Tennessee",123.9,130.8,127.3,5786,"Incidence",3591511,"All Races","Female","Female Breast","2022"
"Tennessee",21.7,24.7,23.1,1046,"Incidence",3591511,"All Races","Female","Female Breast, <i>in situ</i>","2022"
"Tennessee",64.6,96.8,79.6,118,"Incidence",246986,"Hispanic of any race","Female","Female Breast","2022"
"Tennessee",5,14.6,8.8,16,"Incidence",246986,"Hispanic of any race","Female","Female Breast, <i>in situ</i>","2022"
"Tennessee",NA,NA,NA,NA,"Incidence",10733,"Non-Hispanic American Indian/Alaska Native","Female","Female Breast","2022"
"Tennessee",NA,NA,NA,NA,"Incidence",10733,"Non-Hispanic American Indian/Alaska Native","Female","Female Breast, <i>in situ</i>","2022"
"Tennessee",48.7,85.7,65.2,54,"Incidence",80972,"Non-Hispanic Asian/Pacific Islander","Female","Female Breast","2022"
"Tennessee",16.5,39.7,26.2,23,"Incidence",80972,"Non-Hispanic Asian/Pacific Islander","Female","Female Breast, <i>in situ</i>","2022"
"Tennessee",119.2,137.2,128,852,"Incidence",627190,"Non-Hispanic Black","Female","Female Breast","2022"
"Tennessee",22.8,31,26.7,180,"Incidence",627190,"Non-Hispanic Black","Female","Female Breast, <i>in situ</i>","2022"
"Tennessee",126.6,134.5,130.5,4730,"Incidence",2625630,"Non-Hispanic White","Female","Female Breast","2022"
"Tennessee",21.4,24.8,23.1,821,"Incidence",2625630,"Non-Hispanic White","Female","Female Breast, <i>in situ</i>","2022"
"Texas",124.4,127.9,126.2,20744,"Incidence",15050613,"All Races","Female","Female Breast","2022"
"Texas",24.6,26.2,25.4,4186,"Incidence",15050613,"All Races","Female","Female Breast, <i>in situ</i>","2022"
"Texas",107.3,113.2,110.2,5496,"Incidence",5892494,"Hispanic of any race","Female","Female Breast","2022"
"Texas",19.7,22.2,20.9,1070,"Incidence",5892494,"Hispanic of any race","Female","Female Breast, <i>in situ</i>","2022"
"Texas",82.6,137.4,107.4,68,"Incidence",56356,"Non-Hispanic American Indian/Alaska Native","Female","Female Breast","2022"
"Texas",NA,NA,NA,NA,"Incidence",56356,"Non-Hispanic American Indian/Alaska Native","Female","Female Breast, <i>in situ</i>","2022"
"Texas",98.4,112,105,970,"Incidence",900746,"Non-Hispanic Asian/Pacific Islander","Female","Female Breast","2022"
"Texas",24.7,31.5,27.9,270,"Incidence",900746,"Non-Hispanic Asian/Pacific Islander","Female","Female Breast, <i>in situ</i>","2022"
"Texas",121.9,132.1,126.9,2528,"Incidence",2010192,"Non-Hispanic Black","Female","Female Breast","2022"
"Texas",27.3,32.3,29.7,601,"Incidence",2010192,"Non-Hispanic Black","Female","Female Breast, <i>in situ</i>","2022"
"Texas",132.6,137.9,135.2,11570,"Incidence",6190825,"Non-Hispanic White","Female","Female Breast","2022"
"Texas",25.4,27.7,26.5,2204,"Incidence",6190825,"Non-Hispanic White","Female","Female Breast, <i>in situ</i>","2022"
"Utah",127.3,138.9,133,2112,"Incidence",1668409,"All Races","Female","Female Breast","2022"
"Utah",27.1,32.6,29.7,469,"Incidence",1668409,"All Races","Female","Female Breast, <i>in situ</i>","2022"
"Utah",116.1,154.3,134.3,221,"Incidence",257606,"Hispanic of any race","Female","Female Breast","2022"
"Utah",21.9,39.9,30,51,"Incidence",257606,"Hispanic of any race","Female","Female Breast, <i>in situ</i>","2022"
"Utah",NA,NA,NA,NA,"Incidence",17100,"Non-Hispanic American Indian/Alaska Native","Female","Female Breast","2022"
"Utah",NA,NA,NA,NA,"Incidence",17100,"Non-Hispanic American Indian/Alaska Native","Female","Female Breast, <i>in situ</i>","2022"
"Utah",82.1,135.8,106.5,67,"Incidence",71537,"Non-Hispanic Asian/Pacific Islander","Female","Female Breast","2022"
"Utah",22.7,55.8,36.6,22,"Incidence",71537,"Non-Hispanic Asian/Pacific Islander","Female","Female Breast, <i>in situ</i>","2022"
"Utah",NA,NA,NA,NA,"Incidence",23536,"Non-Hispanic Black","Female","Female Breast","2022"
"Utah",NA,NA,NA,NA,"Incidence",23536,"Non-Hispanic Black","Female","Female Breast, <i>in situ</i>","2022"
"Utah",127.7,140.4,133.9,1794,"Incidence",1298630,"Non-Hispanic White","Female","Female Breast","2022"
"Utah",26.3,32.4,29.2,384,"Incidence",1298630,"Non-Hispanic White","Female","Female Breast, <i>in situ</i>","2022"
"Vermont",131.1,155.1,142.7,649,"Incidence",325782,"All Races","Female","Female Breast","2022"
"Vermont",17.4,26.8,21.7,101,"Incidence",325782,"All Races","Female","Female Breast, <i>in situ</i>","2022"
"Vermont",NA,NA,NA,NA,"Incidence",8221,"Hispanic of any race","Female","Female Breast","2022"
"Vermont",NA,NA,NA,NA,"Incidence",8221,"Hispanic of any race","Female","Female Breast, <i>in situ</i>","2022"
"Vermont",NA,NA,NA,NA,"Incidence",1388,"Non-Hispanic American Indian/Alaska Native","Female","Female Breast","2022"
"Vermont",NA,NA,NA,NA,"Incidence",1388,"Non-Hispanic American Indian/Alaska Native","Female","Female Breast, <i>in situ</i>","2022"
"Vermont",NA,NA,NA,NA,"Incidence",7599,"Non-Hispanic Asian/Pacific Islander","Female","Female Breast","2022"
"Vermont",NA,NA,NA,NA,"Incidence",7599,"Non-Hispanic Asian/Pacific Islander","Female","Female Breast, <i>in situ</i>","2022"
"Vermont",NA,NA,NA,NA,"Incidence",5129,"Non-Hispanic Black","Female","Female Breast","2022"
"Vermont",NA,NA,NA,NA,"Incidence",5129,"Non-Hispanic Black","Female","Female Breast, <i>in situ</i>","2022"
"Vermont",131,155.8,143,625,"Incidence",303445,"Non-Hispanic White","Female","Female Breast","2022"
"Vermont",17.7,27.6,22.2,99,"Incidence",303445,"Non-Hispanic White","Female","Female Breast, <i>in situ</i>","2022"
"Virginia",131.4,137.8,134.5,7407,"Incidence",4390104,"All Races","Female","Female Breast","2022"
"Virginia",32.5,35.7,34.1,1831,"Incidence",4390104,"All Races","Female","Female Breast, <i>in situ</i>","2022"
"Virginia",76.9,97.6,86.8,309,"Incidence",462337,"Hispanic of any race","Female","Female Breast","2022"
"Virginia",17.8,28.6,22.8,80,"Incidence",462337,"Hispanic of any race","Female","Female Breast, <i>in situ</i>","2022"
"Virginia",144.1,317.1,218.1,31,"Incidence",13214,"Non-Hispanic American Indian/Alaska Native","Female","Female Breast","2022"
"Virginia",NA,NA,NA,NA,"Incidence",13214,"Non-Hispanic American Indian/Alaska Native","Female","Female Breast, <i>in situ</i>","2022"
"Virginia",80.1,99.2,89.2,352,"Incidence",352008,"Non-Hispanic Asian/Pacific Islander","Female","Female Breast","2022"
"Virginia",25.9,37.3,31.2,124,"Incidence",352008,"Non-Hispanic Asian/Pacific Islander","Female","Female Breast, <i>in situ</i>","2022"
"Virginia",128.4,143.1,135.6,1413,"Incidence",902025,"Non-Hispanic Black","Female","Female Breast","2022"
"Virginia",33.2,41,37,385,"Incidence",902025,"Non-Hispanic Black","Female","Female Breast, <i>in situ</i>","2022"
"Virginia",133.9,141.9,137.8,5131,"Incidence",2660520,"Non-Hispanic White","Female","Female Breast","2022"
"Virginia",31.2,35.3,33.2,1172,"Incidence",2660520,"Non-Hispanic White","Female","Female Breast, <i>in situ</i>","2022"
"Washington",135,142,138.5,6548,"Incidence",3864945,"All Races","Female","Female Breast","2022"
"Washington",31.1,34.5,32.7,1542,"Incidence",3864945,"All Races","Female","Female Breast, <i>in situ</i>","2022"
"Washington",102,126.3,113.7,392,"Incidence",539362,"Hispanic of any race","Female","Female Breast","2022"
"Washington",15.4,25.9,20.2,67,"Incidence",539362,"Hispanic of any race","Female","Female Breast, <i>in situ</i>","2022"
"Washington",144.7,213.5,176.5,116,"Incidence",57124,"Non-Hispanic American Indian/Alaska Native","Female","Female Breast","2022"
"Washington",13.2,38.4,23.2,17,"Incidence",57124,"Non-Hispanic American Indian/Alaska Native","Female","Female Breast, <i>in situ</i>","2022"
"Washington",113.3,133.2,122.9,616,"Incidence",476167,"Non-Hispanic Asian/Pacific Islander","Female","Female Breast","2022"
"Washington",36.5,48.3,42.1,211,"Incidence",476167,"Non-Hispanic Asian/Pacific Islander","Female","Female Breast, <i>in situ</i>","2022"
"Washington",96.1,131.1,112.7,177,"Incidence",186861,"Non-Hispanic Black","Female","Female Breast","2022"
"Washington",22.8,42.1,31.4,47,"Incidence",186861,"Non-Hispanic Black","Female","Female Breast, <i>in situ</i>","2022"
"Washington",136.4,144.6,140.4,5194,"Incidence",2605431,"Non-Hispanic White","Female","Female Breast","2022"
"Washington",31,35.1,33,1192,"Incidence",2605431,"Non-Hispanic White","Female","Female Breast, <i>in situ</i>","2022"
"West Virginia",121.3,134.8,127.9,1597,"Incidence",888434,"All Races","Female","Female Breast","2022"
"West Virginia",22.6,28.8,25.6,311,"Incidence",888434,"All Races","Female","Female Breast, <i>in situ</i>","2022"
"West Virginia",NA,NA,NA,NA,"Incidence",17631,"Hispanic of any race","Female","Female Breast","2022"
"West Virginia",NA,NA,NA,NA,"Incidence",17631,"Hispanic of any race","Female","Female Breast, <i>in situ</i>","2022"
"West Virginia",NA,NA,NA,NA,"Incidence",1909,"Non-Hispanic American Indian/Alaska Native","Female","Female Breast","2022"
"West Virginia",NA,NA,NA,NA,"Incidence",1909,"Non-Hispanic American Indian/Alaska Native","Female","Female Breast, <i>in situ</i>","2022"
"West Virginia",NA,NA,NA,NA,"Incidence",9397,"Non-Hispanic Asian/Pacific Islander","Female","Female Breast","2022"
"West Virginia",NA,NA,NA,NA,"Incidence",9397,"Non-Hispanic Asian/Pacific Islander","Female","Female Breast, <i>in situ</i>","2022"
"West Virginia",89.5,168.4,124.4,45,"Incidence",34616,"Non-Hispanic Black","Female","Female Breast","2022"
"West Virginia",NA,NA,NA,NA,"Incidence",34616,"Non-Hispanic Black","Female","Female Breast, <i>in situ</i>","2022"
"West Virginia",122,136,128.9,1530,"Incidence",824881,"Non-Hispanic White","Female","Female Breast","2022"
"West Virginia",23.2,29.7,26.3,303,"Incidence",824881,"Non-Hispanic White","Female","Female Breast, <i>in situ</i>","2022"
"Wisconsin",132.5,140.4,136.4,5155,"Incidence",2941315,"All Races","Female","Female Breast","2022"
"Wisconsin",30.1,34,32,1180,"Incidence",2941315,"All Races","Female","Female Breast, <i>in situ</i>","2022"
"Wisconsin",94.8,132.1,112.4,163,"Incidence",226067,"Hispanic of any race","Female","Female Breast","2022"
"Wisconsin",9.7,22.6,15.1,25,"Incidence",226067,"Hispanic of any race","Female","Female Breast, <i>in situ</i>","2022"
"Wisconsin",81.6,165,117.9,36,"Incidence",29081,"Non-Hispanic American Indian/Alaska Native","Female","Female Breast","2022"
"Wisconsin",NA,NA,NA,NA,"Incidence",29081,"Non-Hispanic American Indian/Alaska Native","Female","Female Breast, <i>in situ</i>","2022"
"Wisconsin",63,105.6,82.3,66,"Incidence",101126,"Non-Hispanic Asian/Pacific Islander","Female","Female Breast","2022"
"Wisconsin",16.5,41.7,27.1,21,"Incidence",101126,"Non-Hispanic Asian/Pacific Islander","Female","Female Breast, <i>in situ</i>","2022"
"Wisconsin",130.6,167.8,148.3,265,"Incidence",207165,"Non-Hispanic Black","Female","Female Breast","2022"
"Wisconsin",32.7,52.7,41.9,75,"Incidence",207165,"Non-Hispanic Black","Female","Female Breast, <i>in situ</i>","2022"
"Wisconsin",133.1,141.7,137.4,4601,"Incidence",2377876,"Non-Hispanic White","Female","Female Breast","2022"
"Wisconsin",30.5,34.8,32.6,1046,"Incidence",2377876,"Non-Hispanic White","Female","Female Breast, <i>in situ</i>","2022"
"Wyoming",114.8,139.9,126.8,452,"Incidence",283815,"All Races","Female","Female Breast","2022"
"Wyoming",18.7,29.6,23.6,87,"Incidence",283815,"All Races","Female","Female Breast, <i>in situ</i>","2022"
"Wyoming",49.5,126.3,81.6,20,"Incidence",29457,"Hispanic of any race","Female","Female Breast","2022"
"Wyoming",NA,NA,NA,NA,"Incidence",29457,"Hispanic of any race","Female","Female Breast, <i>in situ</i>","2022"
"Wyoming",NA,NA,NA,NA,"Incidence",6488,"Non-Hispanic American Indian/Alaska Native","Female","Female Breast","2022"
"Wyoming",NA,NA,NA,NA,"Incidence",6488,"Non-Hispanic American Indian/Alaska Native","Female","Female Breast, <i>in situ</i>","2022"
"Wyoming",NA,NA,NA,NA,"Incidence",3745,"Non-Hispanic Asian/Pacific Islander","Female","Female Breast","2022"
"Wyoming",NA,NA,NA,NA,"Incidence",3745,"Non-Hispanic Asian/Pacific Islander","Female","Female Breast, <i>in situ</i>","2022"
"Wyoming",NA,NA,NA,NA,"Incidence",3668,"Non-Hispanic Black","Female","Female Breast","2022"
"Wyoming",NA,NA,NA,NA,"Incidence",3668,"Non-Hispanic Black","Female","Female Breast, <i>in situ</i>","2022"
"Wyoming",114,140.6,126.7,410,"Incidence",240457,"Non-Hispanic White","Female","Female Breast","2022"
"Wyoming",20,32.2,25.6,84,"Incidence",240457,"Non-Hispanic White","Female","Female Breast, <i>in situ</i>","2022"
